feature,importance_mean,importance_std
satisfaction_level,0.34955530529408024,0.014488589893540208
number_project,0.14556439442869817,0.006068638807444442
time_spend_company,0.11994276040371032,0.008905157879542226
last_evaluation,0.08170021423857868,0.008179362110517686
average_monthly_hours,0.07233385979148729,0.010646256830424736
Department,0.0016843516234347432,0.0010269589769102683
salary,0.001650748262333468,0.0007470487108217195
Work_accident,0.00046843571623264026,0.0006674648354008444
promotion_last_5years,9.041661166528936e-05,0.000137912723547777
